Relic Set,IMG
Band of Sizzling Thunder,/static/ead9470f7f552c4c7831ca1cea95cda4/15e42/set_9.png
Belobog of the Architects,/static/c751401566c6af59aae1b290975afbd8/15e42/planar_4.png
Bone Collection's Serene Demesne,/static/6f40a6a05f92e18efa7c1d60682c84df/d8057/set_bone.webp
Broken Keel,/static/6ab345645939a078666cd8202e92140a/15e42/set_24.png
Celestial Differentiator,/static/344c33e7412a8c35f26c3bbb274554cf/15e42/planar_5.png
Champion of Streetwise Boxing,/static/0c9857e8c7ae23ff8186946d2e7afe19/15e42/set_5.png
"Duran, Dynasty of Running Wolves",/static/2c1263d0e014c129c33f10cf1b81f3bd/d8057/set_35.webp
Eagle of Twilight Line,/static/03758175b0bf02f22fc03d3ce551b91c/15e42/set_10.png
Firesmith of Lava-Forging,/static/ee02bfdef54e27dae62e0988deea7979/15e42/set_7.png
Firmament Frontline: Glamoth,/static/22c63c0e24d04a2e4a7a1bbdf28cafd6/15e42/firm.png
Fleet of the Ageless,/static/1acd76da714090b4450723cf81c6ddf2/15e42/planar_2.png
Forge of the Kalpagni Lantern,/static/07b6adee98daa73bb7364ad33cc0b23f/d8057/set_36.webp
Genius of Brilliant Stars,/static/98e6821f34d5ee03f3e3a05b3e5494d8/15e42/set_8.png
Giant Tree of Rapt Brooding,/static/a57a42d2563e93762fc0ed4f3a2d5673/d8057/set_tree.webp
Guard of Wuthering Snow,/static/2738d9bb44d88faee371baaa2a137440/15e42/set_6.png
Hero of Triumphant Song,/static/9e7d635bdfe5d15611e80c0bbc66a4b4/d8057/set_hero.webp
Hunter of Glacial Forest,/static/7f76e03801821e9ecab1434f297534d6/15e42/set_4.png
Inert Salsotto,/static/161128cddd9e6a4b65b9a5972cbfacc5/15e42/planar_6.png
Iron Cavalry Against the Scourge,/static/4baa8c504549188f24de74e3a624b4c5/d8057/set_33.webp
Izumo Gensei and Takama Divine Realm,/static/32e9d6354835e641703e63f413026486/d8057/izumo.webp
Knight of Purity Palace,/static/df8616a2e787105462da7b45b2ef602e/15e42/set_3.png
Longevous Disciple,/static/28a63c61d5feec8b495a3ddfaf99df82/15e42/set_21.png
"Lushaka, the Sunken Seas",/static/dc4487958d9f21972618e1271b79311f/d8057/set_37.webp
Messenger Traversing Hackerspace,/static/3492934f6ad2964f6871bef04d85bad2/15e42/set_22.png
Musketeer of Wild Wheat,/static/bbdc9dc6dde0e2c2940294e66d36d885/15e42/set_2.png
Pan-Cosmic Commercial Enterprise,/static/4da5662d09f780439bdeca82bb0ea5b2/15e42/planar_3.png
Passerby of Wandering Cloud,/static/ad5de9248c33cde45510e03832494826/15e42/set_1.png
"Penacony, Land of the Dreams",/static/cd8e299b04aaa4a12fe0684ae101e5ef/15e42/pena.png
Pioneer Diver of Dead Waters,/static/4bb4611740f96127dddc8f04b98ab81a/15e42/29.png
Poet of Mourning Collapse,/static/8e5e4ada9f6d7592b7c8a3d2ec327e01/d8057/set_poet.webp
Prisoner in Deep Confinement,/static/9ebad5536a051059f9545793489a8376/15e42/prison.png
Rutilant Arena,/static/57bfb3c7a330602465de035d54a6c4dd/15e42/set_23.png
Sacerdos' Relived Ordeal,/static/5853eb94bc2d21424eb1f7abb1bf0417/d8057/set_sacer.webp
Scholar Lost in Erudition,/static/7d7f97858743046c882dc5f861dea2f1/d8057/set_scholar.webp
"Sigonia, the Unclaimed Desolation",/static/714c5db5c177dd31194e1e5cc76ab449/d8057/sidonia.webp
Space Sealing Station,/static/8b2d02850bd8aafbeb6c946cea020113/15e42/planar_1.png
Sprightly Vonwacq,/static/6d41619b621d9693530e36540e4a3a02/15e42/planar_8.png
Talia: Kingdom of Banditry,/static/bdb64774a8d30ab84af3e519718526b0/15e42/planar_7.png
The Ashblazing Grand Duke,/static/95d87aedce0ab2e7721bcf2b7c8747db/15e42/duke.png
The Wind-Soaring Valorous,/static/02010aeb948ad671e93b2a75e051a0dd/d8057/set_34.webp
The Wondrous BananAmusement Park,/static/1a5d9c6986acbeff783f923d4ee10673/d8057/set_38.webp
Thief of Shooting Meteor,/static/1784ea4b4158a6e47b428e0fcc902438/15e42/set_11.png
Warrior Goddess of Sun and Thunder,/static/ef17e2cbce6ceeba08db49729eec67b1/d8057/set_warrior.webp
Wastelander of Banditry Desert,/static/af89f71092b0e8e1882a7d29659f0807/15e42/set_12.png
"Watchmaker, Master of Dream Machinations",/static/2ebb5569a938778e5e7b590e48ec6626/15e42/30.png
Wavestrider Captain,/static/e6ffc45e64fe65b205352f180f01ff99/d8057/set_strider.webp
